  brand_name;non_cruelty_free;
  Abreva;1
  Acqua Di Parma;1
  Acuvue;1
  Aesop ;1
  Air Wick;1
  AJAX;1
  Alberto V05;1
  Alessandro;1
  Algenist;1
  ALL;1
  Almay;1
  Alterna;1
  Always;1
  Amazing Cosmetics;1
  Amway;1
  Andrex;1
  Anna Sui;1
  Aquafresh;1
  Ariel;1
  Arm & Hammer;1
  Arrid;1
  Art of Shaving, The;1
  Artistry Cosmetics;1
  Artistry Makeup by Amway;1
  ASTOR;1
  Aveeno;1
  Avon Products ;1
  Axe;1
  Balenciaga;1
  Ban;1
  Banana Boat;1
  Band-Aid;1
  Bare Foot by Freeman Beauty;1
  Bare Foot Repair by Freeman Beauty;1
  Bath & Body Works;1
  Batiste;1
  Be a Bombshell Cosmetics;1
  Beauty 360;1
  Bed Head;1
  Belloite;1
  Benefit;1
  Bic;1
  Bioderma;1
  Biore;1
  Biotherm;1
  BlistexCillit Bang;1
  Bobbi Brown;1
  BrowGal, The;1
  Bulgari;1
  Burberry;1
  Bvlgari;1
  c. Booth ;1
  Calgon;1
  Caress;1
  Carmex;1
  Caudalie;1
  Calvin Klein;1
  Catwalk by TIGI;1
  Cetaphil;1
  Chanel;1
  Chapstick;1
  Cheer;1
  Chloe;1
  Church & Dwight;1
  Cillit Bang;1
  Clairol;1
  Clarins;1
  Clarisonic;1
  Clean & Clear;1
  Clear Scalp & Hair Therapy;1
  Clearasil;1
  Clinique;1
  Coach;1
  Colgate;1
  Colgate-Palmolive;1
  Collection Cosmetics;1
  Collistar;1
  Colors in Mood;1
  Colorsmash;1
  Comet;1
  Condensé Paris;1
  Consort;1
  Coppertone;1
  Cottonelle;1
  Coty;1
  Crabtree & Evelyn;1
  Creative Nail Design;1
  Crest;1
  Curel;1
  CVS;1
  Davidoff;1
  Davines;1
  Daz;1
  Decorte;1
  Degree;1
  Demeter Fragrance Library;1
  Dermassage;1
  Dettol;1
  DHC;1
  Diesel;1
  Dior;1
  DKNY;1
  Dolce & Gabanna;1
  Donna Karan;1
  DoTerra;1
  Downy;1
  Dr. Brandt;1
  Dr. Jart;1
  Dry Idea;1
  DTRT;1
  Duck;1
  Durex;1
  eclos by Freeman Beauty;1
  Edge Shave Gel;1
  Elie Saab;1
  Eisenberg;1
  Elizabeth Arden;1
  Elle Girl;1
  EmergenC;1
  Equate;1
  Erno Laszlo;1
  Escada;1
  Essie;1
  Estée Edit by Estée Lauder;1
  Estee Lauder;1
  Eucerin;1
  Fabuloso;1
  Fairy Dish;1
  FCUK;1
  Febreze;1
  Feeling Beautiful by Freeman Beauty;1
  Feeling Legendary by Freeman Beauty;1
  Fendi;1
  Fenistil;1
  Finish;1
  Flirt!;1
  For Beloved One;1
  Forever Living;1
  Freeman Beauty;1
  Fresh;1
  Gain;1
  Gillette;1
  Giorgio Armani Beauty;1
  Givenchy;1
  GlamGlow;1
  Goldwell;1
  Got2Be;1
  Green Works;1
  Gucci;1
  Guerlain;1
  Guhl;1
  Hansaplast;1
  Head & Shoulders;1
  Herbalife;1
  Herborist;1
  Henkel;1
  Henri Bendel;1
  Hugo;1
  Hugo Boss;1
  ILLUME;1
  Infusium 23;1
  Inglot;1
  innisfree;1
  Ion Professional;1
  Irish Spring;1
  Ivory;1
  J.F. Lazartigu;1
  Jergens;1
  Jet Dry;1
  Jejuen;1
  Jimmy Choo;1
  Jo Malone;1
  Joa Bath and Body;1
  John Frieda;1
  Johnson & Johnson;1
  Juicy Couture;1
  June Jacobs;1
  Jurlique;1
  K.Y.;1
  KAO Brands;1
  KC Professional;1
  Kenzo;1
  Kenzoki;1
  Keraskin Esthetics;1
  Kerastase;1
  Kiehl’s;1
  Kimberly Clark;1
  Kinerase;1
  Kirkland Signature;1
  KMS California;1
  Kocostar;1
  Kose;1
  Kotex;1
  L’Occitane;1
  L'Oreal;1
  La Mer;1
  La Prarie;1
  La Senza;1
  Labello;1
  Labseries;1
  Lady Speed Stick;1
  Lady’s Choice;1
  Lamisil;1
  Lancaster;1
  Lancome;1
  Laneige;1
  Lanvin;1
  LaRoche Posay;1
  Laura Mercier;1
  Le Petit Marseillais;1
  Lenor;1
  Lever 2000;1
  Lipstick Queen;1
  Listerine;1
  LORAC;1
  Love Beauty & Planet;1
  Lubriderm;1
  Lysol;1
  MAC;1
  Maison Margiela Fragrances;1
  Makeup For Ever;1
  Malin+Goetz;1
  Manhattan Cosmetics;1
  Marc Jacobs Perfume;1
  Mark;1
  Mary Kay;1
  Matrix;1
  Maui Moisture Hair Care;1
  Maybelline;1
  Max Factor;1
  MDSUN;1
  Melaleuca;1
  Mentadent;1
  Miss Sporty;1
  Mitchum;1
  Mont Blanc;1
  Morphe;1
  Mr Muscle;1
  MUM;1
  Murphy Oil Soap;1
  Nair;1
  NARS;1
  Neutrogena;1
  New Avon ;1
  New York Color ;1
  Nexxus;1
  Nicole by OPI;1
  Nina Ricci;1
  Nioxin;1
  Nivea;1
  Noxzema;1
  OGX Beauty ;1
  Oilatum;1
  Ojon;1
  Olay;1
  Old Spice;1
  OPI;1
  Oragel;1
  Oral B;1
  Orange Glo;1
  Origins;1
  Osis+;1
  Oxi Clean;1
  Paco Rabanne;1
  Palladio;1
  Pantene;1
  Papaya by Freeman Beauty;1
  Pat McGrath Labs;1
  Persil;1
  Pet Head;1
  Peter Thomas Roth;1
  Physiogel;1
  Phyto;1
  Plantae Certified Organic Skin Care;1
  Playtex;1
  Ponds;1
  Prada;1
  Prescriptives;1
  Psssst! by Freeman Beauty;1
  PureHeals;1
  Purell;1
  Purex;1
  Purpose;1
  Q-Tips;1
  Radox;1
  Redken;1
  ReFa;1
  Renpure;1
  Rembrandt;1
  Revlon;1
  Right Gaurd;1
  Roberto Cavalli;1
  ROC;1
  Rossi & Rossa;1
  Sally Hansen;1
  Sampar;1
  Sarah Chapman;1
  Suavitel;1
  Schick;1
  Schwarzkopf;1
  Scope;1
  Scrub Free;1
  Sebastian;1
  Sebastian Professional;1
  Secret;1
  Senscience;1
  Sensodyne;1
  Sephora Collection;1
  Serious Skin Care;1
  Shiseido;1
  Shu Uemura;1
  Simple Green;1
  Simply Beauty;1
  Simply Saline;1
  Sinful Colors;1
  SK-II;1
  Skin Bracer;1
  Skinfood;1
  Skintimate;1
  SkinVitals;1
  Soft & Dri;1
  Softsoap;1
  Speed Stick;1
  Spinbrush;1
  Sulwhasoo;1
  Sure Deodorant;1
  Talika;1
  Tanda;1
  Tattoo Beauty;1
  Thierry Mugler;1
  Tigi;1
  Too Cool For School;1
  Tous;1
  Trojan;1
  Tweezerman;1
  TYRA Beauty;1
  Ultima II;1
  Unilever;1
  Up & Up;1
  Valentino;1
  Vanish;1
  Vaseline;1
  Vasenol;1
  Veet;1
  Veld’s;1
  Vera Wang;1
  Versace;1
  Victoria’s Secret;1
  Victoria’s Secret Pink;1
  Vidal Sasson;1
  Vita-K Professional by Freeman Beauty;1
  Walgreens;1
  Wei;1
  Wei To Go;1
  Wella Professionals;1
  Windex;1
  Woolite;1
  Xtra;1
  Yardley;1
  Younique;1
  YSL;1
  Yves Rocher;1
  Zegna;1
  Zovirax;1
  Zotos Professionals;1
100% Pure;0
111MedCo;0
14e Cosmetics;0
35 Thousand;0
3INA;0
54 Thrones;0
98 Beauty;0
A.P. Chem;0
AF94;0
AG Care;0
ALLIES OF SKIN;0
AXIS-Y;0
Abba;0
Abbott NYC;0
About-Face;0
Ace Beauté;0
Act+Acre;0
Acure;0
Adorn Cosmetics;0
Adwoa Beauty;0
Aegean Beauty;0
Aesop;0
Afterglow Cosmetics;0
Aila Cosmetics;0
Alaffia;0
Alba Botanica;0
Alder New York;0
Alima Pure;0
Alleyoop;0
Alpha-H;0
Alpyn Beauty;0
Altruist;0
Ami Cole;0
Amika;0
Anastasia Beverly Hills;0
Andalou Naturals;0
Annabelle;0
Anomaly;0
Anthony;0
Antipodes;0
Antonym;0
Arcona;0
Arctic Fox;0
Ardell;0
Ardency Inn;0
Ariana Grande;0
Arkive Headcare;0
Aromatica;0
Arquiste;0
As I Am;0
AspenClean;0
Astonish;0
Athar’a Pure;0
Athr Beauty;0
Attitude;0
Au Naturale;0
Aubrey Organics;0
Auric;0
Auromere;0
Aussie;0
Australian Glow;0
Australian Gold;0
Australis;0
Avalea;0
Avalon Organics;0
Aveda;0
Averr Aglow;0
Axiology;0
BANISH;0
BH Cosmetics;0
BLK/OPL;0
BYBI Beauty;0
Babo Botanicals;0
Badger;0
BaeBlu;0
Bali Body;0
Bali Lash;0
Balm Balm;0
Bare Hands;0
Barry M;0
Be Kind Beauty;0
Beast;0
Beauty Favours;0
Beauty Without Cruelty;0
Beauty of Joseon;0
BeautyBio;0
BeautyStat;0
Beautyblender;0
Becca;0
Beekman 1802;0
Being Frenshe;0
Bellapierre;0
Below 60;0
Ben Nye;0
Benecos;0
Benton;0
Besame;0
Better & Better;0
Better Not Younger;0
Billie Eilish Fragrances;0
Billy Jealousy;0
BioSilk;0
Biolage;0
Biossance;0
Bite Beauty;0
Biöm;0
Black Radiance;0
Blake Brown;0
Blinc;0
Bliss;0
Blissoma;0
Blueland;0
Blume;0
Bomb Cosmetics;0
Bondi Sands;0
BondiBoost;0
Booda Organics;0
Boots;0
Boscia;0
Bossy Cosmetics;0
Botana;0
Botanic Tree;0
Botanics;0
Boulder Clean;0
Boy Smells;0
Branch Basics;0
Brandefy Skin;0
Bread Beauty Supply;0
Briogeo;0
Bubble;0
Bulldog;0
Bumble and bumble;0
Burt’s Bees;0
Buxom;0
By Beauty Bay;0
By Rosie Jane;0
By Wishtrend;0
Byoma;0
C.O. Bigelow;0
CHI;0
CLE Cosmetics;0
Cailyn Cosmetics;0
Cake;0
California Tan;0
Caliray;0
Cantu;0
Captain Blankenship;0
Carbon Theory;0
Cargo;0
Carina Organics;0
Carol’s Daughter;0
Caswell-Massey;0
Cate McNabb;0
Catrice;0
Cela;0
Celeb Luxury;0
Ceramedx;0
Ceremonia;0
Certain Dri;0
Certain Dri;0
Chantecaille;0
Charlotte Tilbury;0
Cheekbone Beauty;0
Chi Chi Cosmetics;0
Chiki Buttah;0
China Glaze;0
Christophe Robin;0
Ciaté;0
Cien;0
City Beauty;0
Clean;0
Cleancult;0
Cleanwell;0
Cleo+Coco;0
Clove + Hallow;0
Coco & Eve;0
Cocofloss;0
Cocokind;0
Coconut Matter;0
Color Dept.;0
Coloured Raine;0
Colourpop;0
Community Sixty Six;0
Conair;0
Concrete Minerals;0
Coola;0
Copycat Beauty;0
Corpus;0
Cosmedix;0
Cosmoss;0
Cover FX;0
Covergirl;0
Crazy Color;0
Crazy Rumors;0
Cremo;0
Crown Affair;0
Crystal;0
Crépe Erase;0
Cuccio Naturale;0
Curlsmith;0
Curology;0
Cécred;0
D. S. & Durga;0
DAMDAM;0
DAME;0
DERMAdoctor;0
DIBS Beauty;0
DIME;0
Dae;0
Danessa Myricks;0
Danielle Creations;0
Das Boom;0
Davids;0
De Mamiel;0
DeLaMark;0
DeVita;0
Dear Dahlia;0
Dear, Klairs;0
Deborah Lippmann;0
Deck of Scarlet;0
Deco Miami;0
DedCool;0
Deep Steep;0
DefineMe Fragrance;0
Delicate Daisys Botanical Beauty;0
DermOrganic;0
Derma E;0
Dermablend;0
Dermalogica;0
Desert Essence;0
DevaCurl;0
Dezi Skin;0
Dial;0
Dieux;0
Dinobi;0
Dionis;0
Doll 10;0
Dose Of Colors;0
Dossier;0
Dotted Zebra;0
Double Dare;0
Dove;0
Dr Teal’s;0
Dr. Alkaitis;0
Dr. Barbara Sturm;0
Dr. Bronner’s;0
Dr. Dennis Gross;0
Dr. Hauschka;0
Dr. Loretta;0
Dr. Organic;0
Dr. PAWPAW;0
Dr. Sam’s;0
Drunk Elephant;0
Drybar;0
DuWop;0
EADEM;0
ECOS;0
EO Products;0
EOS;0
EVOLVh;0
Earth Breeze;0
Earth Harbor;0
Earth Tu Face;0
Earths Laundry;0
Earth’s Beauty;0
EasterMia;0
Eau de Juice;0
Ecco Bella;0
Eco Lips;0
Eco Me;0
EcoColors;0
EcoTools;0
Ecover;0
Eczema Honey;0
Edible Beauty;0
Edward Bess;0
Elate;0
Eleven Australia;0
Elizabeth Grant;0
Ella + Mila;0
Ellis Faas;0
Ellovi;0
Em Cosmetics;0
Emani;0
Embryolisse;0
Eminence Organic Skincare;0
Epic Blend;0
Erborian;0
Ere Perez;0
Essence;0
Estate Cosmetics;0
Estrid;0
Ethique;0
Eva Nyc;0
Everyday Minerals;0
Evolve Organic Beauty;0
Exa Beauty;0
Eyeko;0
Fable & Mane;0
Face Atelier;0
Facetheory;0
Faith In Nature;0
Farmacy Beauty;0
Farsali;0
Fat and the Moon;0
Fekkai;0
Fenty Beauty;0
Fenty Skin;0
Finding Ferdinand;0
Fiona Stiles;0
Fior Minerals;0
First Aid Beauty;0
Fitglow Beauty;0
Flamingo;0
Flawless Lashes By Loreta;0
Fleur & Bee;0
Flora + Bast;0
Floral Street;0
Florence by Mills;0
Floris London;0
Flower Beauty;0
Follain;0
Forager Botanicals;0
Formil;0
Formula 10.0.6;0
Formulary 55;0
Fragrance by Sabrina;0
Frank Body;0
Freck Beauty;0
French Girl;0
Freshly;0
Function of Beauty;0
Fur;0
Furless;0
GOSH;0
GXVE;0
Gabriel Cosmetics;0
Garnier;0
Gatineau;0
Gerard Cosmetics;0
GiGi;0
Giovanni;0
Girlactik;0
Gisou;0
Glamnetic;0
Glo Skin Beauty;0
Gloss Moderne;0
Glossier;0
Glow Jar Beauty;0
Glow Recipe;0
Gold Bond;0
Good Dye Young;0
Good Molecules;0
Goodness;0
Grande Cosmetics;0
Graydon;0
Green Label Goods;0
Gressa;0
Grounded Sage;0
Grown Alchemist;0
Gypsy Women Soap Co.;0
HAN;0
HERETIC;0
Habit;0
Hair by Sam McKnight;0
Hairitage by Mindy;0
Hairstory;0
Hally;0
Hana Organic Skincare;0
Hard Candy;0
Harlem Botanica;0
Harry’s;0
Harvey Prince Organics;0
Hask;0
Haus Labs by Lady Gaga;0
Hawaiian Tropic;0
Hello Products;0
Hempme;0
Hempz;0
Henry Rose;0
Herbal Essences;0
Herbatint;0
Herbivore Botanicals;0
Hero Cosmetics;0
Honest Beauty;0
Honore Des Pres;0
Hourglass;0
House of Lashes;0
Huda Beauty;0
Humble;0
Hung Vanngo Beauty;0
Hurraw!;0
Huygens;0
Hynt Beauty;0
I Am Selfcare;0
I Dew Care;0
IGK;0
ILIA;0
INNERSOUL;0
ISAMAYA;0
IT Cosmetics;0
Il Makiage;0
Iles Formula;0
Illamasqua;0
Indie Lee;0
Infuse by Casabella;0
Inika;0
Innbeauty Project;0
Innersense;0
Innisfree;0
InstaNatural;0
Isle of Paradise;0
Isntree;0
It’s A 10;0
I’m From;0
J. Cat Beauty;0
JASON;0
JINsoon;0
JLo Beauty;0
JVN Hair;0
Jacq’s;0
Jane;0
Jane Iredale;0
Japonesque;0
Jason Wu Beauty;0
Jecca Blac;0
Jeffree Star;0
Jillian Dempsey;0
John Masters Organics;0
Joico;0
Jolie Vegan;0
Jones Road Beauty;0
Jordana;0
Josh Rosebrook;0
Josie Maran;0
Jouer;0
Juice Beauty;0
Julep;0
Julia’s Essentials;0
Juvia’s Place;0
K18 Hair;0
KIKO Milano;0
KINDri Los Angeles;0
KKW Beauty;0
KVD Vegan Beauty;0
Kadalys;0
Kahina Giving Beauty;0
Kaia Naturals;0
Kaja Beauty;0
Kari Gran;0
Kate McLeod;0
Kate Somerville;0
Kayali;0
Kaylaan;0
Kear;0
Kenra;0
Kesha Rose Beauty;0
Kester Black;0
Kevin Murphy;0
Keys Soulcare;0
Kind Laundry;0
Kind Science;0
Kinship;0
Kiss My Face;0
Kitsch;0
Kjaer Weis;0
Koh Gen Do;0
Kopari Beauty;0
Kora Organics;0
Korres;0
Kosas;0
Krave Beauty;0
Kreyol Essence;0
Kristin Ess;0
Kryolan;0
Krī Skincare;0
Kure Bazaar;0
Kylie Cosmetics;0
Kylie Skin;0
Kypris;0
LA Colors;0
LA Girl;0
LH Cosmetics;0
LOOPS;0
LORD & BERRY;0
LUSH;0
LVX;0
La Fleur by Livvy;0
Lady Ease;0
Lake & Skye;0
Lamik Beauty;0
Lancer;0
Lano;0
Lather;0
Laura Geller;0
Lauren B. Beauty;0
Lavanila;0
Lawless;0
Le Couvent Des Minimes;0
Le Petit Olivier;0
Leafinty;0
Level Naturals;0
Lexli;0
Lidl;0
Lilah B.;0
Lily Lolo;0
LilyAna Naturals;0
Lime Crime;0
Lina Hanson;0
Lisa Eldridge;0
Lise Watier;0
Lit Cosmetics;0
Little Seed Farm;0
Live Clean;0
Live Love Locks;0
Live Tinted;0
Living Proof;0
Liz Earle;0
LolaVie;0
Loli Beauty;0
Lolita Lempicka;0
Lottie London;0
Lotus Wei;0
Love Sun Body;0
Lovefresh;0
Lovesong Beauty;0
Lulu Organics;0
Lumē;0
Luna Daily;0
Lunar Beauty;0
Lurk;0
Lys Beauty;0
MAHALO;0
MCoBeauty;0
MECCA MAX;0
MONDAY;0
MUN;0
MV Skintherapy;0
Mad Hippie;0
Madara Cosmetics;0
Made By Dentists;0
Madison Reed;0
Maison Louis Marie;0
Makeup By Mario;0
Makeup Geek;0
Mally Beauty;0
Mango People;0
Manic Panic;0
Marc Jacobs Beauty;0
Marcelle;0
Maria Nila;0
Marie Hunter Beauty;0
Mario Badescu;0
Marks & Spencer;0
Marula;0
May Lindstrom;0
Mayraki Professional;0
Maëlys Cosmetics;0
Meaningful Beauty;0
Medik8;0
Mehron;0
Melanin Haircare;0
Melixir;0
Melody’s Magical Scents;0
Melt Cosmetics;0
Mented Cosmetics;0
Meow Meow Tweet;0
Merit;0
Method;0
Milani;0
Milk Makeup;0
Milkshake Hair;0
Mineral Fusion;0
Miracle Made;0
Molly’s Suds;0
Molton Brown;0
Moon Juice;0
Moroccanoil;0
Mrs. Meyer’s;0
Mukti;0
Murad;0
Muri Lelu;0
My Daughter Fragrances;0
My I.D.;0
MyChelle;0
NAILS.Inc;0
NCLA;0
NEST Fragrances;0
NOYZ;0
NYX;0
Nabla Cosmetics;0
Nad’s;0
Naked Sundays;0
Nani Pua;0
Natasha Denona;0
Natio;0
Native;0
Natu Cosmetics;0
Natura;0
Natura Siberica;0
Naturally Serious;0
Nature Clean;0
Nature’s Gate;0
Naturium;0
Nellie’s;0
Nette;0
Nip + Fab;0
No B.S.;0
No7;0
Not Your Mother’s;0
Noughty;0
Nourish Organic;0
Nubian Heritage;0
Nude By Nature;0
Nude Skincare;0
Nudestix;0
OFRA Cosmetics;0
OOO Polish;0
OSEA Malibu;0
OWN IT;0
OZ Naturals;0
Odacité;0
Odylique;0
Oil Divine;0
Olaplex;0
Ole Henriksen;0
Omayma Skin;0
Omnilux;0
Omorovicza;0
One Love Organics;0
One/Size Beauty;0
Orebella;0
Organic Bath Co;0
Oribe;0
Orly;0
Oshun Organics;0
Ouai;0
Oui the People;0
Ouidad;0
Out of Africa;0
P Louise;0
PUR Cosmetics;0
PURITO;0
PYT Beauty;0
Pacifica;0
Pai;0
Painted Earth;0
Pangea Organics;0
ParadiseGal;0
Parissa;0
Patchology;0
Patrick Ta;0
Pattern Beauty;0
Paume;0
Peace Out;0
Peach & Lily;0
Peach Slices;0
People Of Color Beauty;0
Perfekt;0
Perricone MD;0
Pharmacopia Natural Bodycare;0
Phil Smith Be Gorgeous;0
Philosophy;0
Phlur;0
Physicians Formula;0
Pink Chawkulit;0
Pinrose;0
PiperWai;0
Pixi;0
Plant Apothecary;0
Pleni;0
Polite Society;0
Pour Le Monde;0
Pravana;0
Pretty Frank;0
Primally Pure;0
Primark;0
Priti NYC;0
Prose;0
Proven Skincare;0
Province Apothecary;0
Pupa Milano;0
Puracy;0
Pure & Gentle;0
Pure Anada;0
Pureology;0
Purlisse;0
QMBeautique;0
Queen Helene;0
Queen Street Apothecary;0
Quo Beauty;0
R+Co;0
RANAVAT;0
RCMA;0
REFY;0
REN;0
RMS Beauty;0
Radical Skincare;0
Rahua;0
Range Beauty;0
Rare Beauty;0
Rare Elements;0
Ravie Beauty;0
Raw Sugar;0
Real Simple Clean;0
Real Techniques;0
Recreation Beauty;0
Red Apple Lipstick;0
Renee Rouleau;0
Reverie;0
Revive7 Science;0
Revolution Beauty;0
Rhode;0
Rimmel London;0
Rinna Beauty;0
Rita Hazan;0
Rituals;0
Rituel De Fille;0
Rodial;0
Root Science;0
Rose Inc;0
Rosebud Perfume Company;0
Rouge Bunny Rouge;0
Rovectin;0
Rustic MAKA;0
S.W. Basics;0
SAINT Cosmetics;0
SEEN;0
SUNNIE Skin;0
SUPPURU;0
Sachajuan;0
Sacheu;0
Saie;0
Saint Jane;0
Saje;0
Salt & Stone;0
Saltair;0
Sand & Sky;0
Sappho New Paradigm;0
Saranghae;0
Saturday Skin;0
Scentuals;0
Schmidt’s Naturals;0
Scotch Naturals;0
Seche;0
Selfless by Hyram;0
Sephora;0
Seventh Generation;0
Sexy Hair;0
Shani Darden;0
SheaMoisture;0
Sibu;0
Siempre;0
Sienna Byron Bay;0
Silk Naturals;0
Simple;0
Simpli Skin MD;0
Sioris;0
Skin Laundry;0
Skin1004;0
Skinblossom;0
Skinfix;0
Skinny & Co;0
Skylar;0
Sleek;0
Smashbox;0
Smith & Cult;0
Soap & Glory;0
Soapwalla;0
Sol de Janeiro;0
Soleil Toujours;0
Sonia Kashuk;0
SpaRitual;0
St. Ives;0
St. Tropez;0
Standard Self Care;0
Starface;0
Stargazer;0
Stella;0
Stella McCartney;0
Stellar Beauty;0
Stila;0
Strange Invisible;0
Studio Makeup;0
Suave;0
Sugarpill;0
Suki;0
Sukin;0
Summer Fridays;0
Sun Bum;0
Sunday II Sunday;0
Sunday Riley;0
Suntegrity;0
Super Deodorant;0
Superdrug;0
Supergoop!;0
Supersmile;0
Susteau;0
Suva Beauty;0
Sweet Chef;0
S’ABLE Labs;0
TATCHA;0
TEK;0
TO112;0
TWICE;0
Tan-Luxe;0
Tanologist;0
Tarte;0
Tata Harper;0
Terra Beauty Bars;0
Terrakai Skin;0
The 7 Virtues;0
The Beauty Chef;0
The Body Shop;0
The Creme Shop;0
The Green Beaver Company;0
The Honey Pot Co;0
The Humble Co.;0
The Inkey List;0
The Ordinary;0
The Outset;0
The Pink Stuff;0
The Quick Flick;0
The Route;0
The Seaweed Bath Co.;0
The Vegan Glow;0
Then I Met You;0
Thesis;0
Thinkbaby;0
Thinksport;0
Thirsty Camel;0
This Works;0
This is L.;0
Three Ships Beauty;0
Thrive Causemetics;0
Tom’s of Maine;0
Tony Moly;0
Too Faced;0
Tower 28;0
Trader Joe’s;0
Tree Hut;0
Tree to Tub;0
Tresemme;0
Trilogy;0
Trish McEvoy;0
True Moringa;0
Trufora;0
Truly;0
Trust Fund Beauty;0
Tsi-La;0
Tula;0
Typology;0
URGO Beauty;0
Ulta Beauty;0
Ultra Violette;0
Umberto Giannini;0
UnSun;0
Undefined Beauty;0
Undone Beauty;0
Unicorn Gang Shop;0
Unpaste;0
Uoma Beauty;0
UpCircle;0
Urban Decay;0
Urban Skin Rx;0
Urban Veda;0
Ursa Major;0
VEGAMOUR;0
Vacation;0
Vamigas;0
Vapour Organic Beauty;0
Vasanti Cosmetics;0
Velour;0
Verb;0
Vered Organic Botanicals;0
Vernon Francois;0
Versed;0
Vesca Beauty;0
Victoria Beckham Beauty;0
Vintner’s Daughter;0
Violette_FR;0
Viori;0
Virtue;0
Vitruvi;0
Voir Haircare;0
Volition Beauty;0
W3ll People;0
W5;0
WEN by Chaz Dean;0
WLDKAT;0
Wabi-Sabi;0
Wander Beauty;0
We Are Paradoxx;0
We Love Eyes;0
Weleda;0
Westman Atelier;0
Wet n Wild;0
Whamisa;0
Whish;0
Whole Foods (365);0
Winky Lux;0
Wishful;0
Wit & West Perfumes;0
Wunderbrow;0
Wyld Skincare;0
Wyn Beauty;0
YUNI Beauty;0
Yarok;0
Yes To;0
Yodi Beauty;0
Youngblood;0
Youth To The People;0
Zao Organic;0
Zitsticka;0
Zoeva;0
Zoya;0
ZuZu Luxe;0
Zuii Organic;0
asthetik skincare;0
bareLUXE Skincare;0
bareMinerals;0
barefoot SCIENTIST;0
basd;0
bioClarity;0
buttah.;0
butter LONDON;0
delilah;0
dome BEAUTY;0
dpHUE;0
elaluz;0
elf;0
evanhealy;0
everyone;0
goPure Beauty;0
good light;0
goop beauty;0
grace & stella;0
hanni;0
haruharu wonder;0
iUNIK;0
kulfi;0
nooni;0
nyl;0
oVertone;0
persona;0
r.e.m. beauty;0
re:p;0
skyn ICELAND;0
snif;0
strb.;0
superzero;0
theBalm;0
trèStiQue;0